# Generated by examples/zonemap-data.rs from Unicode CLDR; see zonemap-sources.md.
Africa/Abidjan			Greenwich Mean Time	
Africa/Accra			Greenwich Mean Time	
Africa/Addis_Ababa			East Africa Time	
Africa/Algiers		Central European Time	Central European Standard Time	Central European Summer Time
Africa/Asmara	Asmara		East Africa Time	
Africa/Asmera	Asmara		East Africa Time	
Africa/Bamako			Greenwich Mean Time	
Africa/Bangui			West Africa Time	
Africa/Banjul			Greenwich Mean Time	
Africa/Bissau			Greenwich Mean Time	
Africa/Blantyre			Central Africa Time	
Africa/Brazzaville			West Africa Time	
Africa/Bujumbura			Central Africa Time	
Africa/Cairo		Eastern European Time	Eastern European Standard Time	Eastern European Summer Time
Africa/Casablanca		Western European Time	Western European Standard Time	Western European Summer Time
Africa/Ceuta		Central European Time	Central European Standard Time	Central European Summer Time
Africa/Conakry			Greenwich Mean Time	
Africa/Dakar			Greenwich Mean Time	
Africa/Dar_es_Salaam			East Africa Time	
Africa/Djibouti			East Africa Time	
Africa/Douala			West Africa Time	
Africa/El_Aaiun	El Aaiún	Western European Time	Western European Standard Time	Western European Summer Time
Africa/Freetown			Greenwich Mean Time	
Africa/Gaborone			Central Africa Time	
Africa/Harare			Central Africa Time	
Africa/Johannesburg			South Africa Standard Time	
Africa/Juba			Central Africa Time	
Africa/Kampala			East Africa Time	
Africa/Khartoum			Central Africa Time	
Africa/Kigali			Central Africa Time	
Africa/Kinshasa			West Africa Time	
Africa/Lagos			West Africa Time	
Africa/Libreville			West Africa Time	
Africa/Lome	Lomé		Greenwich Mean Time	
Africa/Luanda			West Africa Time	
Africa/Lubumbashi			Central Africa Time	
Africa/Lusaka			Central Africa Time	
Africa/Malabo			West Africa Time	
Africa/Maputo			Central Africa Time	
Africa/Maseru			South Africa Standard Time	
Africa/Mbabane			South Africa Standard Time	
Africa/Mogadishu			East Africa Time	
Africa/Monrovia			Greenwich Mean Time	
Africa/Nairobi			East Africa Time	
Africa/Ndjamena	N’Djamena		West Africa Time	
Africa/Niamey			West Africa Time	
Africa/Nouakchott			Greenwich Mean Time	
Africa/Ouagadougou			Greenwich Mean Time	
Africa/Porto-Novo			West Africa Time	
Africa/Sao_Tome	São Tomé		Greenwich Mean Time	
Africa/Timbuktu			Greenwich Mean Time	
Africa/Tripoli		Eastern European Time	Eastern European Standard Time	Eastern European Summer Time
Africa/Tunis		Central European Time	Central European Standard Time	Central European Summer Time
Africa/Windhoek			Central Africa Time	
America/Adak		Hawaii-Aleutian Time	Hawaii-Aleutian Standard Time	Hawaii-Aleutian Daylight Time
America/Anchorage		Alaska Time	Alaska Standard Time	Alaska Daylight Time
America/Anguilla		Atlantic Time	Atlantic Standard Time	Atlantic Daylight Time
America/Antigua		Atlantic Time	Atlantic Standard Time	Atlantic Daylight Time
America/Araguaina	Araguaína	Brasilia Time	Brasilia Standard Time	Brasilia Summer Time
America/Argentina/Buenos_Aires		Argentina Time	Argentina Standard Time	Argentina Summer Time
America/Argentina/Catamarca		Argentina Time	Argentina Standard Time	Argentina Summer Time
America/Argentina/ComodRivadavia		Argentina Time	Argentina Standard Time	Argentina Summer Time
America/Argentina/Cordoba	Córdoba	Argentina Time	Argentina Standard Time	Argentina Summer Time
America/Argentina/Jujuy		Argentina Time	Argentina Standard Time	Argentina Summer Time
America/Argentina/La_Rioja		Argentina Time	Argentina Standard Time	Argentina Summer Time
America/Argentina/Mendoza		Argentina Time	Argentina Standard Time	Argentina Summer Time
America/Argentina/Rio_Gallegos	Río Gallegos	Argentina Time	Argentina Standard Time	Argentina Summer Time
America/Argentina/Salta		Argentina Time	Argentina Standard Time	Argentina Summer Time
America/Argentina/San_Juan		Argentina Time	Argentina Standard Time	Argentina Summer Time
America/Argentina/San_Luis		Argentina Time	Argentina Standard Time	Argentina Summer Time
America/Argentina/Tucuman	Tucumán	Argentina Time	Argentina Standard Time	Argentina Summer Time
America/Argentina/Ushuaia		Argentina Time	Argentina Standard Time	Argentina Summer Time
America/Aruba		Atlantic Time	Atlantic Standard Time	Atlantic Daylight Time
America/Asuncion	Asunción	Paraguay Time	Paraguay Standard Time	Paraguay Summer Time
America/Atikokan	Atikokan	Eastern Time	Eastern Standard Time	Eastern Daylight Time
America/Atka		Hawaii-Aleutian Time	Hawaii-Aleutian Standard Time	Hawaii-Aleutian Daylight Time
America/Bahia		Brasilia Time	Brasilia Standard Time	Brasilia Summer Time
America/Bahia_Banderas	Bahía de Banderas	Central Time	Central Standard Time	Central Daylight Time
America/Barbados		Atlantic Time	Atlantic Standard Time	Atlantic Daylight Time
America/Belem	Belém	Brasilia Time	Brasilia Standard Time	Brasilia Summer Time
America/Belize		Central Time	Central Standard Time	Central Daylight Time
America/Blanc-Sablon		Atlantic Time	Atlantic Standard Time	Atlantic Daylight Time
America/Boa_Vista		Amazon Time	Amazon Standard Time	Amazon Summer Time
America/Bogota	Bogotá	Colombia Time	Colombia Standard Time	Colombia Summer Time
America/Boise		Mountain Time	Mountain Standard Time	Mountain Daylight Time
America/Buenos_Aires		Argentina Time	Argentina Standard Time	Argentina Summer Time
America/Cambridge_Bay		Mountain Time	Mountain Standard Time	Mountain Daylight Time
America/Campo_Grande		Amazon Time	Amazon Standard Time	Amazon Summer Time
America/Cancun	Cancún	Eastern Time	Eastern Standard Time	Eastern Daylight Time
America/Caracas			Venezuela Time	
America/Catamarca		Argentina Time	Argentina Standard Time	Argentina Summer Time
America/Cayenne			French Guiana Time	
America/Cayman		Eastern Time	Eastern Standard Time	Eastern Daylight Time
America/Chicago		Central Time	Central Standard Time	Central Daylight Time
America/Chihuahua		Central Time	Central Standard Time	Central Daylight Time
America/Ciudad_Juarez	Ciudad Juárez	Mountain Time	Mountain Standard Time	Mountain Daylight Time
America/Coral_Harbour	Atikokan	Eastern Time	Eastern Standard Time	Eastern Daylight Time
America/Cordoba	Córdoba	Argentina Time	Argentina Standard Time	Argentina Summer Time
America/Costa_Rica		Central Time	Central Standard Time	Central Daylight Time
America/Coyhaique				
America/Creston		Mountain Time	Mountain Standard Time	Mountain Daylight Time
America/Cuiaba	Cuiabá	Amazon Time	Amazon Standard Time	Amazon Summer Time
America/Curacao	Curaçao	Atlantic Time	Atlantic Standard Time	Atlantic Daylight Time
America/Danmarkshavn			Greenwich Mean Time	
America/Dawson			Yukon Time	
America/Dawson_Creek		Mountain Time	Mountain Standard Time	Mountain Daylight Time
America/Denver		Mountain Time	Mountain Standard Time	Mountain Daylight Time
America/Detroit		Eastern Time	Eastern Standard Time	Eastern Daylight Time
America/Dominica		Atlantic Time	Atlantic Standard Time	Atlantic Daylight Time
America/Edmonton		Mountain Time	Mountain Standard Time	Mountain Daylight Time
America/Eirunepe	Eirunepé	Acre Time	Acre Standard Time	Acre Summer Time
America/El_Salvador		Central Time	Central Standard Time	Central Daylight Time
America/Ensenada		Pacific Time	Pacific Standard Time	Pacific Daylight Time
America/Fort_Nelson		Mountain Time	Mountain Standard Time	Mountain Daylight Time
America/Fort_Wayne		Eastern Time	Eastern Standard Time	Eastern Daylight Time
America/Fortaleza		Brasilia Time	Brasilia Standard Time	Brasilia Summer Time
America/Glace_Bay		Atlantic Time	Atlantic Standard Time	Atlantic Daylight Time
America/Godthab	Nuuk	Greenland Time	Greenland Standard Time	Greenland Summer Time
America/Goose_Bay		Atlantic Time	Atlantic Standard Time	Atlantic Daylight Time
America/Grand_Turk		Eastern Time	Eastern Standard Time	Eastern Daylight Time
America/Grenada		Atlantic Time	Atlantic Standard Time	Atlantic Daylight Time
America/Guadeloupe		Atlantic Time	Atlantic Standard Time	Atlantic Daylight Time
America/Guatemala		Central Time	Central Standard Time	Central Daylight Time
America/Guayaquil			Ecuador Time	
America/Guyana			Guyana Time	
America/Halifax		Atlantic Time	Atlantic Standard Time	Atlantic Daylight Time
America/Havana		Cuba Time	Cuba Standard Time	Cuba Daylight Time
America/Hermosillo		Mexican Pacific Time	Mexican Pacific Standard Time	Mexican Pacific Daylight Time
America/Indiana/Indianapolis		Eastern Time	Eastern Standard Time	Eastern Daylight Time
America/Indiana/Knox	Knox, Indiana	Central Time	Central Standard Time	Central Daylight Time
America/Indiana/Marengo	Marengo, Indiana	Eastern Time	Eastern Standard Time	Eastern Daylight Time
America/Indiana/Petersburg	Petersburg, Indiana	Eastern Time	Eastern Standard Time	Eastern Daylight Time
America/Indiana/Tell_City	Tell City, Indiana	Central Time	Central Standard Time	Central Daylight Time
America/Indiana/Vevay	Vevay, Indiana	Eastern Time	Eastern Standard Time	Eastern Daylight Time
America/Indiana/Vincennes	Vincennes, Indiana	Eastern Time	Eastern Standard Time	Eastern Daylight Time
America/Indiana/Winamac	Winamac, Indiana	Eastern Time	Eastern Standard Time	Eastern Daylight Time
America/Indianapolis		Eastern Time	Eastern Standard Time	Eastern Daylight Time
America/Inuvik		Mountain Time	Mountain Standard Time	Mountain Daylight Time
America/Iqaluit		Eastern Time	Eastern Standard Time	Eastern Daylight Time
America/Jamaica		Eastern Time	Eastern Standard Time	Eastern Daylight Time
America/Jujuy		Argentina Time	Argentina Standard Time	Argentina Summer Time
America/Juneau		Alaska Time	Alaska Standard Time	Alaska Daylight Time
America/Kentucky/Louisville		Eastern Time	Eastern Standard Time	Eastern Daylight Time
America/Kentucky/Monticello	Monticello, Kentucky	Eastern Time	Eastern Standard Time	Eastern Daylight Time
America/Knox_IN	Knox, Indiana	Central Time	Central Standard Time	Central Daylight Time
America/Kralendijk		Atlantic Time	Atlantic Standard Time	Atlantic Daylight Time
America/La_Paz			Bolivia Time	
America/Lima		Peru Time	Peru Standard Time	Peru Summer Time
America/Los_Angeles		Pacific Time	Pacific Standard Time	Pacific Daylight Time
America/Louisville		Eastern Time	Eastern Standard Time	Eastern Daylight Time
America/Lower_Princes	Lower Prince’s Quarter	Atlantic Time	Atlantic Standard Time	Atlantic Daylight Time
America/Maceio	Maceió	Brasilia Time	Brasilia Standard Time	Brasilia Summer Time
America/Managua		Central Time	Central Standard Time	Central Daylight Time
America/Manaus		Amazon Time	Amazon Standard Time	Amazon Summer Time
America/Marigot		Atlantic Time	Atlantic Standard Time	Atlantic Daylight Time
America/Martinique		Atlantic Time	Atlantic Standard Time	Atlantic Daylight Time
America/Matamoros		Central Time	Central Standard Time	Central Daylight Time
America/Mazatlan	Mazatlán	Mexican Pacific Time	Mexican Pacific Standard Time	Mexican Pacific Daylight Time
America/Mendoza		Argentina Time	Argentina Standard Time	Argentina Summer Time
America/Menominee		Central Time	Central Standard Time	Central Daylight Time
America/Merida	Mérida	Central Time	Central Standard Time	Central Daylight Time
America/Metlakatla		Alaska Time	Alaska Standard Time	Alaska Daylight Time
America/Mexico_City	Mexico City	Central Time	Central Standard Time	Central Daylight Time
America/Miquelon	Saint-Pierre	St. Pierre & Miquelon Time	St. Pierre & Miquelon Standard Time	St. Pierre & Miquelon Daylight Time
America/Moncton		Atlantic Time	Atlantic Standard Time	Atlantic Daylight Time
America/Monterrey		Central Time	Central Standard Time	Central Daylight Time
America/Montevideo		Uruguay Time	Uruguay Standard Time	Uruguay Summer Time
America/Montreal		Eastern Time	Eastern Standard Time	Eastern Daylight Time
America/Montserrat		Atlantic Time	Atlantic Standard Time	Atlantic Daylight Time
America/Nassau		Eastern Time	Eastern Standard Time	Eastern Daylight Time
America/New_York		Eastern Time	Eastern Standard Time	Eastern Daylight Time
America/Nipigon		Eastern Time	Eastern Standard Time	Eastern Daylight Time
America/Nome		Alaska Time	Alaska Standard Time	Alaska Daylight Time
America/Noronha	Fernando de Noronha	Fernando de Noronha Time	Fernando de Noronha Standard Time	Fernando de Noronha Summer Time
America/North_Dakota/Beulah	Beulah, North Dakota	Central Time	Central Standard Time	Central Daylight Time
America/North_Dakota/Center	Center, North Dakota	Central Time	Central Standard Time	Central Daylight Time
America/North_Dakota/New_Salem	New Salem, North Dakota	Central Time	Central Standard Time	Central Daylight Time
America/Nuuk	Nuuk	Greenland Time	Greenland Standard Time	Greenland Summer Time
America/Ojinaga		Central Time	Central Standard Time	Central Daylight Time
America/Panama		Eastern Time	Eastern Standard Time	Eastern Daylight Time
America/Pangnirtung		Eastern Time	Eastern Standard Time	Eastern Daylight Time
America/Paramaribo			Suriname Time	
America/Phoenix		Mountain Time	Mountain Standard Time	Mountain Daylight Time
America/Port-au-Prince		Eastern Time	Eastern Standard Time	Eastern Daylight Time
America/Port_of_Spain		Atlantic Time	Atlantic Standard Time	Atlantic Daylight Time
America/Porto_Acre		Acre Time	Acre Standard Time	Acre Summer Time
America/Porto_Velho		Amazon Time	Amazon Standard Time	Amazon Summer Time
America/Puerto_Rico		Atlantic Time	Atlantic Standard Time	Atlantic Daylight Time
America/Punta_Arenas				
America/Rainy_River		Central Time	Central Standard Time	Central Daylight Time
America/Rankin_Inlet		Central Time	Central Standard Time	Central Daylight Time
America/Recife		Brasilia Time	Brasilia Standard Time	Brasilia Summer Time
America/Regina		Central Time	Central Standard Time	Central Daylight Time
America/Resolute		Central Time	Central Standard Time	Central Daylight Time
America/Rio_Branco		Acre Time	Acre Standard Time	Acre Summer Time
America/Rosario	Córdoba	Argentina Time	Argentina Standard Time	Argentina Summer Time
America/Santa_Isabel		Pacific Time	Pacific Standard Time	Pacific Daylight Time
America/Santarem	Santarém	Brasilia Time	Brasilia Standard Time	Brasilia Summer Time
America/Santiago		Chile Time	Chile Standard Time	Chile Summer Time
America/Santo_Domingo		Atlantic Time	Atlantic Standard Time	Atlantic Daylight Time
America/Sao_Paulo	São Paulo	Brasilia Time	Brasilia Standard Time	Brasilia Summer Time
America/Scoresbysund	Ittoqqortoormiit	Greenland Time	Greenland Standard Time	Greenland Summer Time
America/Shiprock		Mountain Time	Mountain Standard Time	Mountain Daylight Time
America/Sitka		Alaska Time	Alaska Standard Time	Alaska Daylight Time
America/St_Barthelemy	St. Barthélemy	Atlantic Time	Atlantic Standard Time	Atlantic Daylight Time
America/St_Johns	St. John’s	Newfoundland Time	Newfoundland Standard Time	Newfoundland Daylight Time
America/St_Kitts	St. Kitts	Atlantic Time	Atlantic Standard Time	Atlantic Daylight Time
America/St_Lucia	St. Lucia	Atlantic Time	Atlantic Standard Time	Atlantic Daylight Time
America/St_Thomas	St. Thomas	Atlantic Time	Atlantic Standard Time	Atlantic Daylight Time
America/St_Vincent	St. Vincent	Atlantic Time	Atlantic Standard Time	Atlantic Daylight Time
America/Swift_Current		Central Time	Central Standard Time	Central Daylight Time
America/Tegucigalpa		Central Time	Central Standard Time	Central Daylight Time
America/Thule		Atlantic Time	Atlantic Standard Time	Atlantic Daylight Time
America/Thunder_Bay		Eastern Time	Eastern Standard Time	Eastern Daylight Time
America/Tijuana		Pacific Time	Pacific Standard Time	Pacific Daylight Time
America/Toronto		Eastern Time	Eastern Standard Time	Eastern Daylight Time
America/Tortola		Atlantic Time	Atlantic Standard Time	Atlantic Daylight Time
America/Vancouver		Pacific Time	Pacific Standard Time	Pacific Daylight Time
America/Virgin	St. Thomas	Atlantic Time	Atlantic Standard Time	Atlantic Daylight Time
America/Whitehorse			Yukon Time	
America/Winnipeg		Central Time	Central Standard Time	Central Daylight Time
America/Yakutat		Alaska Time	Alaska Standard Time	Alaska Daylight Time
America/Yellowknife		Mountain Time	Mountain Standard Time	Mountain Daylight Time
Antarctica/Casey	Casey Station	Australian Western Time	Australian Western Standard Time	Australian Western Daylight Time
Antarctica/Davis			Davis Time	
Antarctica/DumontDUrville	Dumont d’Urville Station		Dumont d’Urville Time	
Antarctica/Macquarie	Macquarie Island	Australian Eastern Time	Australian Eastern Standard Time	Australian Eastern Daylight Time
Antarctica/Mawson	Mawson Station		Mawson Time	
Antarctica/McMurdo	McMurdo Station	New Zealand Time	New Zealand Standard Time	New Zealand Daylight Time
Antarctica/Palmer	Palmer Land			
Antarctica/Rothera	Rothera Station		Rothera Time	
Antarctica/South_Pole	McMurdo Station	New Zealand Time	New Zealand Standard Time	New Zealand Daylight Time
Antarctica/Syowa	Showa Station		Syowa Time	
Antarctica/Troll	Troll Station		Greenwich Mean Time	
Antarctica/Vostok	Vostok Station		Vostok Time	
Arctic/Longyearbyen		Central European Time	Central European Standard Time	Central European Summer Time
Asia/Aden		Arabian Time	Arabian Standard Time	Arabian Daylight Time
Asia/Almaty			Kazakhstan Time	
Asia/Amman				
Asia/Anadyr		Kamchatka Time	Kamchatka Standard Time	Kamchatka Summer Time
Asia/Aqtau	Aktau		Kazakhstan Time	
Asia/Aqtobe			Kazakhstan Time	
Asia/Ashgabat		Turkmenistan Time	Turkmenistan Standard Time	Turkmenistan Summer Time
Asia/Ashkhabad		Turkmenistan Time	Turkmenistan Standard Time	Turkmenistan Summer Time
Asia/Atyrau			Kazakhstan Time	
Asia/Baghdad		Arabian Time	Arabian Standard Time	Arabian Daylight Time
Asia/Bahrain		Arabian Time	Arabian Standard Time	Arabian Daylight Time
Asia/Baku		Azerbaijan Time	Azerbaijan Standard Time	Azerbaijan Summer Time
Asia/Bangkok			Indochina Time	
Asia/Barnaul		Krasnoyarsk Time	Krasnoyarsk Standard Time	Krasnoyarsk Summer Time
Asia/Beirut		Eastern European Time	Eastern European Standard Time	Eastern European Summer Time
Asia/Bishkek			Kyrgyzstan Time	
Asia/Brunei			Brunei Time	
Asia/Calcutta	Kolkata		India Standard Time	
Asia/Chita		Yakutsk Time	Yakutsk Standard Time	Yakutsk Summer Time
Asia/Choibalsan		Ulaanbaatar Time	Ulaanbaatar Standard Time	Ulaanbaatar Summer Time
Asia/Chongqing		China Time	China Standard Time	China Daylight Time
Asia/Chungking		China Time	China Standard Time	China Daylight Time
Asia/Colombo			India Standard Time	
Asia/Dacca		Bangladesh Time	Bangladesh Standard Time	Bangladesh Summer Time
Asia/Damascus				
Asia/Dhaka		Bangladesh Time	Bangladesh Standard Time	Bangladesh Summer Time
Asia/Dili			Timor-Leste Time	
Asia/Dubai			Gulf Standard Time	
Asia/Dushanbe			Tajikistan Time	
Asia/Famagusta		Eastern European Time	Eastern European Standard Time	Eastern European Summer Time
Asia/Gaza		Eastern European Time	Eastern European Standard Time	Eastern European Summer Time
Asia/Harbin		China Time	China Standard Time	China Daylight Time
Asia/Hebron		Eastern European Time	Eastern European Standard Time	Eastern European Summer Time
Asia/Ho_Chi_Minh	Ho Chi Minh City		Indochina Time	
Asia/Hong_Kong		Hong Kong Time	Hong Kong Standard Time	Hong Kong Summer Time
Asia/Hovd	Khovd	Khovd Time	Khovd Standard Time	Khovd Summer Time
Asia/Irkutsk		Irkutsk Time	Irkutsk Standard Time	Irkutsk Summer Time
Asia/Istanbul		Türkiye Time	Türkiye Standard Time	Türkiye Summer Time
Asia/Jakarta			Western Indonesia Time	
Asia/Jayapura			Eastern Indonesia Time	
Asia/Jerusalem		Israel Time	Israel Standard Time	Israel Daylight Time
Asia/Kabul			Afghanistan Time	
Asia/Kamchatka		Kamchatka Time	Kamchatka Standard Time	Kamchatka Summer Time
Asia/Karachi		Pakistan Time	Pakistan Standard Time	Pakistan Summer Time
Asia/Kashgar	Ürümqi			
Asia/Kathmandu	Kathmandu		Nepal Time	
Asia/Katmandu	Kathmandu		Nepal Time	
Asia/Khandyga		Yakutsk Time	Yakutsk Standard Time	Yakutsk Summer Time
Asia/Kolkata	Kolkata		India Standard Time	
Asia/Krasnoyarsk		Krasnoyarsk Time	Krasnoyarsk Standard Time	Krasnoyarsk Summer Time
Asia/Kuala_Lumpur			Malaysia Time	
Asia/Kuching			Malaysia Time	
Asia/Kuwait		Arabian Time	Arabian Standard Time	Arabian Daylight Time
Asia/Macao	Macao	China Time	China Standard Time	China Daylight Time
Asia/Macau	Macao	China Time	China Standard Time	China Daylight Time
Asia/Magadan		Magadan Time	Magadan Standard Time	Magadan Summer Time
Asia/Makassar			Central Indonesia Time	
Asia/Manila		Philippine Time	Philippine Standard Time	Philippine Summer Time
Asia/Muscat			Gulf Standard Time	
Asia/Nicosia		Eastern European Time	Eastern European Standard Time	Eastern European Summer Time
Asia/Novokuznetsk		Krasnoyarsk Time	Krasnoyarsk Standard Time	Krasnoyarsk Summer Time
Asia/Novosibirsk		Krasnoyarsk Time	Krasnoyarsk Standard Time	Krasnoyarsk Summer Time
Asia/Omsk		Omsk Time	Omsk Standard Time	Omsk Summer Time
Asia/Oral			Kazakhstan Time	
Asia/Phnom_Penh			Indochina Time	
Asia/Pontianak			Western Indonesia Time	
Asia/Pyongyang		Korean Time	Korean Standard Time	Korean Daylight Time
Asia/Qatar		Arabian Time	Arabian Standard Time	Arabian Daylight Time
Asia/Qostanay	Kostanay		Kazakhstan Time	
Asia/Qyzylorda	Kyzylorda		Kazakhstan Time	
Asia/Rangoon	Yangon		Myanmar Time	
Asia/Riyadh		Arabian Time	Arabian Standard Time	Arabian Daylight Time
Asia/Saigon	Ho Chi Minh City		Indochina Time	
Asia/Sakhalin		Magadan Time	Magadan Standard Time	Magadan Summer Time
Asia/Samarkand		Uzbekistan Time	Uzbekistan Standard Time	Uzbekistan Summer Time
Asia/Seoul		Korean Time	Korean Standard Time	Korean Daylight Time
Asia/Shanghai		China Time	China Standard Time	China Daylight Time
Asia/Singapore			Singapore Standard Time	
Asia/Srednekolymsk		Magadan Time	Magadan Standard Time	Magadan Summer Time
Asia/Taipei		Taiwan Time	Taiwan Standard Time	Taiwan Daylight Time
Asia/Tashkent		Uzbekistan Time	Uzbekistan Standard Time	Uzbekistan Summer Time
Asia/Tbilisi		Georgia Time	Georgia Standard Time	Georgia Summer Time
Asia/Tehran		Iran Time	Iran Standard Time	Iran Daylight Time
Asia/Tel_Aviv		Israel Time	Israel Standard Time	Israel Daylight Time
Asia/Thimbu			Bhutan Time	
Asia/Thimphu			Bhutan Time	
Asia/Tokyo		Japan Time	Japan Standard Time	Japan Daylight Time
Asia/Tomsk		Krasnoyarsk Time	Krasnoyarsk Standard Time	Krasnoyarsk Summer Time
Asia/Ujung_Pandang			Central Indonesia Time	
Asia/Ulaanbaatar		Ulaanbaatar Time	Ulaanbaatar Standard Time	Ulaanbaatar Summer Time
Asia/Ulan_Bator		Ulaanbaatar Time	Ulaanbaatar Standard Time	Ulaanbaatar Summer Time
Asia/Urumqi	Ürümqi			
Asia/Ust-Nera		Vladivostok Time	Vladivostok Standard Time	Vladivostok Summer Time
Asia/Vientiane			Indochina Time	
Asia/Vladivostok		Vladivostok Time	Vladivostok Standard Time	Vladivostok Summer Time
Asia/Yakutsk		Yakutsk Time	Yakutsk Standard Time	Yakutsk Summer Time
Asia/Yangon	Yangon		Myanmar Time	
Asia/Yekaterinburg		Yekaterinburg Time	Yekaterinburg Standard Time	Yekaterinburg Summer Time
Asia/Yerevan		Armenia Time	Armenia Standard Time	Armenia Summer Time
Atlantic/Azores		Azores Time	Azores Standard Time	Azores Summer Time
Atlantic/Bermuda		Atlantic Time	Atlantic Standard Time	Atlantic Daylight Time
Atlantic/Canary	Canaries	Western European Time	Western European Standard Time	Western European Summer Time
Atlantic/Cape_Verde		Cape Verde Time	Cape Verde Standard Time	Cape Verde Summer Time
Atlantic/Faeroe	Faroes	Western European Time	Western European Standard Time	Western European Summer Time
Atlantic/Faroe	Faroes	Western European Time	Western European Standard Time	Western European Summer Time
Atlantic/Jan_Mayen		Central European Time	Central European Standard Time	Central European Summer Time
Atlantic/Madeira		Western European Time	Western European Standard Time	Western European Summer Time
Atlantic/Reykjavik			Greenwich Mean Time	
Atlantic/South_Georgia			South Georgia Time	
Atlantic/St_Helena	St. Helena		Greenwich Mean Time	
Atlantic/Stanley		Falkland Islands Time	Falkland Islands Standard Time	Falkland Islands Summer Time
Australia/ACT		Australian Eastern Time	Australian Eastern Standard Time	Australian Eastern Daylight Time
Australia/Adelaide		Australian Central Time	Australian Central Standard Time	Australian Central Daylight Time
Australia/Brisbane		Australian Eastern Time	Australian Eastern Standard Time	Australian Eastern Daylight Time
Australia/Broken_Hill		Australian Central Time	Australian Central Standard Time	Australian Central Daylight Time
Australia/Canberra		Australian Eastern Time	Australian Eastern Standard Time	Australian Eastern Daylight Time
Australia/Currie		Australian Eastern Time	Australian Eastern Standard Time	Australian Eastern Daylight Time
Australia/Darwin		Australian Central Time	Australian Central Standard Time	Australian Central Daylight Time
Australia/Eucla		Australian Central Western Time	Australian Central Western Standard Time	Australian Central Western Daylight Time
Australia/Hobart		Australian Eastern Time	Australian Eastern Standard Time	Australian Eastern Daylight Time
Australia/LHI	Lord Howe Island	Lord Howe Time	Lord Howe Standard Time	Lord Howe Daylight Time
Australia/Lindeman		Australian Eastern Time	Australian Eastern Standard Time	Australian Eastern Daylight Time
Australia/Lord_Howe	Lord Howe Island	Lord Howe Time	Lord Howe Standard Time	Lord Howe Daylight Time
Australia/Melbourne		Australian Eastern Time	Australian Eastern Standard Time	Australian Eastern Daylight Time
Australia/NSW		Australian Eastern Time	Australian Eastern Standard Time	Australian Eastern Daylight Time
Australia/North		Australian Central Time	Australian Central Standard Time	Australian Central Daylight Time
Australia/Perth		Australian Western Time	Australian Western Standard Time	Australian Western Daylight Time
Australia/Queensland		Australian Eastern Time	Australian Eastern Standard Time	Australian Eastern Daylight Time
Australia/South		Australian Central Time	Australian Central Standard Time	Australian Central Daylight Time
Australia/Sydney		Australian Eastern Time	Australian Eastern Standard Time	Australian Eastern Daylight Time
Australia/Tasmania		Australian Eastern Time	Australian Eastern Standard Time	Australian Eastern Daylight Time
Australia/Victoria		Australian Eastern Time	Australian Eastern Standard Time	Australian Eastern Daylight Time
Australia/West		Australian Western Time	Australian Western Standard Time	Australian Western Daylight Time
Australia/Yancowinna		Australian Central Time	Australian Central Standard Time	Australian Central Daylight Time
Brazil/Acre		Acre Time	Acre Standard Time	Acre Summer Time
Brazil/DeNoronha	Fernando de Noronha	Fernando de Noronha Time	Fernando de Noronha Standard Time	Fernando de Noronha Summer Time
Brazil/East	São Paulo	Brasilia Time	Brasilia Standard Time	Brasilia Summer Time
Brazil/West		Amazon Time	Amazon Standard Time	Amazon Summer Time
CET		Central European Time	Central European Standard Time	Central European Summer Time
CST6CDT				
Canada/Atlantic		Atlantic Time	Atlantic Standard Time	Atlantic Daylight Time
Canada/Central		Central Time	Central Standard Time	Central Daylight Time
Canada/East-Saskatchewan		Central Time	Central Standard Time	Central Daylight Time
Canada/Eastern		Eastern Time	Eastern Standard Time	Eastern Daylight Time
Canada/Mountain		Mountain Time	Mountain Standard Time	Mountain Daylight Time
Canada/Newfoundland	St. John’s	Newfoundland Time	Newfoundland Standard Time	Newfoundland Daylight Time
Canada/Pacific		Pacific Time	Pacific Standard Time	Pacific Daylight Time
Canada/Saskatchewan		Central Time	Central Standard Time	Central Daylight Time
Canada/Yukon			Yukon Time	
Chile/Continental		Chile Time	Chile Standard Time	Chile Summer Time
Chile/EasterIsland	Easter Island	Easter Island Time	Easter Island Standard Time	Easter Island Summer Time
Cuba		Cuba Time	Cuba Standard Time	Cuba Daylight Time
EET		Eastern European Time	Eastern European Standard Time	Eastern European Summer Time
EST		Eastern Time	Eastern Standard Time	Eastern Daylight Time
EST5EDT				
Egypt		Eastern European Time	Eastern European Standard Time	Eastern European Summer Time
Eire			Greenwich Mean Time	Irish Standard Time
Etc/GMT			Greenwich Mean Time	
Etc/GMT+0			Greenwich Mean Time	
Etc/GMT+1				
Etc/GMT+10				
Etc/GMT+11				
Etc/GMT+12				
Etc/GMT+2				
Etc/GMT+3				
Etc/GMT+4				
Etc/GMT+5				
Etc/GMT+6				
Etc/GMT+7				
Etc/GMT+8				
Etc/GMT+9				
Etc/GMT-0			Greenwich Mean Time	
Etc/GMT-1				
Etc/GMT-10				
Etc/GMT-11				
Etc/GMT-12				
Etc/GMT-13				
Etc/GMT-14				
Etc/GMT-2				
Etc/GMT-3				
Etc/GMT-4				
Etc/GMT-5				
Etc/GMT-6				
Etc/GMT-7				
Etc/GMT-8				
Etc/GMT-9				
Etc/GMT0			Greenwich Mean Time	
Etc/Greenwich			Greenwich Mean Time	
Etc/UCT			Coordinated Universal Time	
Etc/UTC			Coordinated Universal Time	
Etc/Universal			Coordinated Universal Time	
Etc/Unknown	Unknown Location			
Etc/Zulu			Coordinated Universal Time	
Europe/Amsterdam		Central European Time	Central European Standard Time	Central European Summer Time
Europe/Andorra		Central European Time	Central European Standard Time	Central European Summer Time
Europe/Astrakhan		Samara Time	Samara Standard Time	Samara Summer Time
Europe/Athens		Eastern European Time	Eastern European Standard Time	Eastern European Summer Time
Europe/Belfast			Greenwich Mean Time	British Summer Time
Europe/Belgrade		Central European Time	Central European Standard Time	Central European Summer Time
Europe/Berlin		Central European Time	Central European Standard Time	Central European Summer Time
Europe/Bratislava		Central European Time	Central European Standard Time	Central European Summer Time
Europe/Brussels		Central European Time	Central European Standard Time	Central European Summer Time
Europe/Bucharest		Eastern European Time	Eastern European Standard Time	Eastern European Summer Time
Europe/Budapest		Central European Time	Central European Standard Time	Central European Summer Time
Europe/Busingen	Büsingen	Central European Time	Central European Standard Time	Central European Summer Time
Europe/Chisinau	Chișinău	Eastern European Time	Eastern European Standard Time	Eastern European Summer Time
Europe/Copenhagen		Central European Time	Central European Standard Time	Central European Summer Time
Europe/Dublin			Greenwich Mean Time	Irish Standard Time
Europe/Gibraltar		Central European Time	Central European Standard Time	Central European Summer Time
Europe/Guernsey			Greenwich Mean Time	
Europe/Helsinki		Eastern European Time	Eastern European Standard Time	Eastern European Summer Time
Europe/Isle_of_Man			Greenwich Mean Time	
Europe/Istanbul		Türkiye Time	Türkiye Standard Time	Türkiye Summer Time
Europe/Jersey			Greenwich Mean Time	
Europe/Kaliningrad		Eastern European Time	Eastern European Standard Time	Eastern European Summer Time
Europe/Kiev	Kyiv	Eastern European Time	Eastern European Standard Time	Eastern European Summer Time
Europe/Kirov		Moscow Time	Moscow Standard Time	Moscow Summer Time
Europe/Kyiv	Kyiv	Eastern European Time	Eastern European Standard Time	Eastern European Summer Time
Europe/Lisbon		Western European Time	Western European Standard Time	Western European Summer Time
Europe/Ljubljana		Central European Time	Central European Standard Time	Central European Summer Time
Europe/London			Greenwich Mean Time	British Summer Time
Europe/Luxembourg		Central European Time	Central European Standard Time	Central European Summer Time
Europe/Madrid		Central European Time	Central European Standard Time	Central European Summer Time
Europe/Malta		Central European Time	Central European Standard Time	Central European Summer Time
Europe/Mariehamn		Eastern European Time	Eastern European Standard Time	Eastern European Summer Time
Europe/Minsk		Moscow Time	Moscow Standard Time	Moscow Summer Time
Europe/Monaco		Central European Time	Central European Standard Time	Central European Summer Time
Europe/Moscow		Moscow Time	Moscow Standard Time	Moscow Summer Time
Europe/Nicosia		Eastern European Time	Eastern European Standard Time	Eastern European Summer Time
Europe/Oslo		Central European Time	Central European Standard Time	Central European Summer Time
Europe/Paris		Central European Time	Central European Standard Time	Central European Summer Time
Europe/Podgorica		Central European Time	Central European Standard Time	Central European Summer Time
Europe/Prague		Central European Time	Central European Standard Time	Central European Summer Time
Europe/Riga		Eastern European Time	Eastern European Standard Time	Eastern European Summer Time
Europe/Rome		Central European Time	Central European Standard Time	Central European Summer Time
Europe/Samara		Samara Time	Samara Standard Time	Samara Summer Time
Europe/San_Marino		Central European Time	Central European Standard Time	Central European Summer Time
Europe/Sarajevo		Central European Time	Central European Standard Time	Central European Summer Time
Europe/Saratov		Samara Time	Samara Standard Time	Samara Summer Time
Europe/Simferopol		Moscow Time	Moscow Standard Time	Moscow Summer Time
Europe/Skopje		Central European Time	Central European Standard Time	Central European Summer Time
Europe/Sofia		Eastern European Time	Eastern European Standard Time	Eastern European Summer Time
Europe/Stockholm		Central European Time	Central European Standard Time	Central European Summer Time
Europe/Tallinn		Eastern European Time	Eastern European Standard Time	Eastern European Summer Time
Europe/Tirane	Tirana	Central European Time	Central European Standard Time	Central European Summer Time
Europe/Tiraspol	Chișinău	Eastern European Time	Eastern European Standard Time	Eastern European Summer Time
Europe/Ulyanovsk		Samara Time	Samara Standard Time	Samara Summer Time
Europe/Uzhgorod	Kyiv	Eastern European Time	Eastern European Standard Time	Eastern European Summer Time
Europe/Vaduz		Central European Time	Central European Standard Time	Central European Summer Time
Europe/Vatican		Central European Time	Central European Standard Time	Central European Summer Time
Europe/Vienna		Central European Time	Central European Standard Time	Central European Summer Time
Europe/Vilnius		Eastern European Time	Eastern European Standard Time	Eastern European Summer Time
Europe/Volgograd		Moscow Time	Moscow Standard Time	Moscow Summer Time
Europe/Warsaw		Central European Time	Central European Standard Time	Central European Summer Time
Europe/Zagreb		Central European Time	Central European Standard Time	Central European Summer Time
Europe/Zaporozhye	Kyiv	Eastern European Time	Eastern European Standard Time	Eastern European Summer Time
Europe/Zurich		Central European Time	Central European Standard Time	Central European Summer Time
Factory	Unknown Location			
GB			Greenwich Mean Time	British Summer Time
GB-Eire			Greenwich Mean Time	British Summer Time
GMT			Greenwich Mean Time	
GMT+0			Greenwich Mean Time	
GMT-0			Greenwich Mean Time	
GMT0			Greenwich Mean Time	
Greenwich			Greenwich Mean Time	
HST			Hawaii-Aleutian Standard Time	
Hongkong		Hong Kong Time	Hong Kong Standard Time	Hong Kong Summer Time
Iceland			Greenwich Mean Time	
Indian/Antananarivo			East Africa Time	
Indian/Chagos	Chagos Archipelago		Indian Ocean Time	
Indian/Christmas	Christmas Island		Christmas Island Time	
Indian/Cocos	Cocos Islands		Cocos Islands Time	
Indian/Comoro	Comoros		East Africa Time	
Indian/Kerguelen	Kerguelen Islands		French Southern & Antarctic Time	
Indian/Mahe	Mahé		Seychelles Time	
Indian/Maldives			Maldives Time	
Indian/Mauritius		Mauritius Time	Mauritius Standard Time	Mauritius Summer Time
Indian/Mayotte			East Africa Time	
Indian/Reunion	Réunion		Réunion Time	
Iran		Iran Time	Iran Standard Time	Iran Daylight Time
Israel		Israel Time	Israel Standard Time	Israel Daylight Time
Jamaica		Eastern Time	Eastern Standard Time	Eastern Daylight Time
Japan		Japan Time	Japan Standard Time	Japan Daylight Time
Kwajalein	Kwajalein Atoll		Marshall Islands Time	
Libya		Eastern European Time	Eastern European Standard Time	Eastern European Summer Time
MET		Central European Time	Central European Standard Time	Central European Summer Time
MST		Mountain Time	Mountain Standard Time	Mountain Daylight Time
MST7MDT				
Mexico/BajaNorte		Pacific Time	Pacific Standard Time	Pacific Daylight Time
Mexico/BajaSur	Mazatlán	Mexican Pacific Time	Mexican Pacific Standard Time	Mexican Pacific Daylight Time
Mexico/General	Mexico City	Central Time	Central Standard Time	Central Daylight Time
NZ		New Zealand Time	New Zealand Standard Time	New Zealand Daylight Time
NZ-CHAT	Chatham Islands	Chatham Time	Chatham Standard Time	Chatham Daylight Time
Navajo		Mountain Time	Mountain Standard Time	Mountain Daylight Time
PRC		China Time	China Standard Time	China Daylight Time
PST8PDT				
Pacific/Apia		Samoa Time	Samoa Standard Time	Samoa Daylight Time
Pacific/Auckland		New Zealand Time	New Zealand Standard Time	New Zealand Daylight Time
Pacific/Bougainville				
Pacific/Chatham	Chatham Islands	Chatham Time	Chatham Standard Time	Chatham Daylight Time
Pacific/Chuuk	Chuuk		Chuuk Time	
Pacific/Easter	Easter Island	Easter Island Time	Easter Island Standard Time	Easter Island Summer Time
Pacific/Efate		Vanuatu Time	Vanuatu Standard Time	Vanuatu Summer Time
Pacific/Enderbury	Canton Island		Phoenix Islands Time	
Pacific/Fakaofo			Tokelau Time	
Pacific/Fiji		Fiji Time	Fiji Standard Time	Fiji Summer Time
Pacific/Funafuti			Tuvalu Time	
Pacific/Galapagos	Galápagos Islands		Galapagos Time	
Pacific/Gambier			Gambier Time	
Pacific/Guadalcanal			Solomon Islands Time	
Pacific/Guam			Chamorro Standard Time	
Pacific/Honolulu			Hawaii-Aleutian Standard Time	
Pacific/Johnston			Hawaii-Aleutian Standard Time	
Pacific/Kanton	Canton Island		Phoenix Islands Time	
Pacific/Kiritimati			Line Islands Time	
Pacific/Kosrae			Kosrae Time	
Pacific/Kwajalein	Kwajalein Atoll		Marshall Islands Time	
Pacific/Majuro			Marshall Islands Time	
Pacific/Marquesas	Marquesas Islands		Marquesas Time	
Pacific/Midway	Midway Atoll	American Samoa Time	American Samoa Standard Time	American Samoa Daylight Time
Pacific/Nauru			Nauru Time	
Pacific/Niue			Niue Time	
Pacific/Norfolk	Norfolk Island	Norfolk Island Time	Norfolk Island Standard Time	Norfolk Island Daylight Time
Pacific/Noumea	Nouméa	New Caledonia Time	New Caledonia Standard Time	New Caledonia Summer Time
Pacific/Pago_Pago		American Samoa Time	American Samoa Standard Time	American Samoa Daylight Time
Pacific/Palau			Palau Time	
Pacific/Pitcairn	Pitcairn Islands		Pitcairn Time	
Pacific/Pohnpei	Pohnpei		Pohnpei Time	
Pacific/Ponape	Pohnpei		Pohnpei Time	
Pacific/Port_Moresby			Papua New Guinea Time	
Pacific/Rarotonga		Cook Islands Time	Cook Islands Standard Time	Cook Islands Summer Time
Pacific/Saipan			Chamorro Standard Time	
Pacific/Samoa		American Samoa Time	American Samoa Standard Time	American Samoa Daylight Time
Pacific/Tahiti			Tahiti Time	
Pacific/Tarawa			Gilbert Islands Time	
Pacific/Tongatapu		Tonga Time	Tonga Standard Time	Tonga Summer Time
Pacific/Truk	Chuuk		Chuuk Time	
Pacific/Wake	Wake Island		Wake Island Time	
Pacific/Wallis	Wallis & Futuna		Wallis & Futuna Time	
Pacific/Yap	Chuuk		Chuuk Time	
Poland		Central European Time	Central European Standard Time	Central European Summer Time
Portugal		Western European Time	Western European Standard Time	Western European Summer Time
ROC		Taiwan Time	Taiwan Standard Time	Taiwan Daylight Time
ROK		Korean Time	Korean Standard Time	Korean Daylight Time
Singapore			Singapore Standard Time	
Turkey		Türkiye Time	Türkiye Standard Time	Türkiye Summer Time
UCT			Coordinated Universal Time	
US/Alaska		Alaska Time	Alaska Standard Time	Alaska Daylight Time
US/Aleutian		Hawaii-Aleutian Time	Hawaii-Aleutian Standard Time	Hawaii-Aleutian Daylight Time
US/Arizona		Mountain Time	Mountain Standard Time	Mountain Daylight Time
US/Central		Central Time	Central Standard Time	Central Daylight Time
US/East-Indiana		Eastern Time	Eastern Standard Time	Eastern Daylight Time
US/Eastern		Eastern Time	Eastern Standard Time	Eastern Daylight Time
US/Hawaii			Hawaii-Aleutian Standard Time	
US/Indiana-Starke	Knox, Indiana	Central Time	Central Standard Time	Central Daylight Time
US/Michigan		Eastern Time	Eastern Standard Time	Eastern Daylight Time
US/Mountain		Mountain Time	Mountain Standard Time	Mountain Daylight Time
US/Pacific		Pacific Time	Pacific Standard Time	Pacific Daylight Time
US/Pacific-New		Pacific Time	Pacific Standard Time	Pacific Daylight Time
US/Samoa		American Samoa Time	American Samoa Standard Time	American Samoa Daylight Time
UTC			Coordinated Universal Time	
Universal			Coordinated Universal Time	
W-SU		Moscow Time	Moscow Standard Time	Moscow Summer Time
WET		Western European Time	Western European Standard Time	Western European Summer Time
Zulu			Coordinated Universal Time	
=AC	Ascension Island
=AD	Andorra
=AE	United Arab Emirates
=AF	Afghanistan
=AG	Antigua & Barbuda
=AI	Anguilla
=AL	Albania
=AM	Armenia
=AO	Angola
=AQ	Antarctica
=AR	Argentina
=AS	American Samoa
=AT	Austria
=AU	Australia
=AW	Aruba
=AX	Åland Islands
=AZ	Azerbaijan
=BA	Bosnia & Herzegovina
=BB	Barbados
=BD	Bangladesh
=BE	Belgium
=BF	Burkina Faso
=BG	Bulgaria
=BH	Bahrain
=BI	Burundi
=BJ	Benin
=BL	St. Barthélemy
=BM	Bermuda
=BN	Brunei
=BO	Bolivia
=BQ	Caribbean Netherlands
=BR	Brazil
=BS	Bahamas
=BT	Bhutan
=BV	Bouvet Island
=BW	Botswana
=BY	Belarus
=BZ	Belize
=CA	Canada
=CC	Cocos (Keeling) Islands
=CD	Congo - Kinshasa
=CF	Central African Republic
=CG	Congo - Brazzaville
=CH	Switzerland
=CI	Côte d’Ivoire
=CK	Cook Islands
=CL	Chile
=CM	Cameroon
=CN	China
=CO	Colombia
=CP	Clipperton Island
=CQ	Sark
=CR	Costa Rica
=CU	Cuba
=CV	Cape Verde
=CW	Curaçao
=CX	Christmas Island
=CY	Cyprus
=CZ	Czechia
=DE	Germany
=DG	Diego Garcia
=DJ	Djibouti
=DK	Denmark
=DM	Dominica
=DO	Dominican Republic
=DZ	Algeria
=EA	Ceuta & Melilla
=EC	Ecuador
=EE	Estonia
=EG	Egypt
=EH	Western Sahara
=ER	Eritrea
=ES	Spain
=ET	Ethiopia
=EU	European Union
=EZ	Eurozone
=FI	Finland
=FJ	Fiji
=FK	Falkland Islands
=FM	Micronesia
=FO	Faroe Islands
=FR	France
=GA	Gabon
=GB	United Kingdom
=GD	Grenada
=GE	Georgia
=GF	French Guiana
=GG	Guernsey
=GH	Ghana
=GI	Gibraltar
=GL	Greenland
=GM	Gambia
=GN	Guinea
=GP	Guadeloupe
=GQ	Equatorial Guinea
=GR	Greece
=GS	South Georgia & South Sandwich Islands
=GT	Guatemala
=GU	Guam
=GW	Guinea-Bissau
=GY	Guyana
=HK	Hong Kong SAR China
=HM	Heard & McDonald Islands
=HN	Honduras
=HR	Croatia
=HT	Haiti
=HU	Hungary
=IC	Canary Islands
=ID	Indonesia
=IE	Ireland
=IL	Israel
=IM	Isle of Man
=IN	India
=IO	British Indian Ocean Territory
=IQ	Iraq
=IR	Iran
=IS	Iceland
=IT	Italy
=JE	Jersey
=JM	Jamaica
=JO	Jordan
=JP	Japan
=KE	Kenya
=KG	Kyrgyzstan
=KH	Cambodia
=KI	Kiribati
=KM	Comoros
=KN	St. Kitts & Nevis
=KP	North Korea
=KR	South Korea
=KW	Kuwait
=KY	Cayman Islands
=KZ	Kazakhstan
=LA	Laos
=LB	Lebanon
=LC	St. Lucia
=LI	Liechtenstein
=LK	Sri Lanka
=LR	Liberia
=LS	Lesotho
=LT	Lithuania
=LU	Luxembourg
=LV	Latvia
=LY	Libya
=MA	Morocco
=MC	Monaco
=MD	Moldova
=ME	Montenegro
=MF	St. Martin
=MG	Madagascar
=MH	Marshall Islands
=MK	North Macedonia
=ML	Mali
=MM	Myanmar (Burma)
=MN	Mongolia
=MO	Macao SAR China
=MP	Northern Mariana Islands
=MQ	Martinique
=MR	Mauritania
=MS	Montserrat
=MT	Malta
=MU	Mauritius
=MV	Maldives
=MW	Malawi
=MX	Mexico
=MY	Malaysia
=MZ	Mozambique
=NA	Namibia
=NC	New Caledonia
=NE	Niger
=NF	Norfolk Island
=NG	Nigeria
=NI	Nicaragua
=NL	Netherlands
=NO	Norway
=NP	Nepal
=NR	Nauru
=NU	Niue
=NZ	New Zealand
=OM	Oman
=PA	Panama
=PE	Peru
=PF	French Polynesia
=PG	Papua New Guinea
=PH	Philippines
=PK	Pakistan
=PL	Poland
=PM	St. Pierre & Miquelon
=PN	Pitcairn Islands
=PR	Puerto Rico
=PS	Palestinian Territories
=PT	Portugal
=PW	Palau
=PY	Paraguay
=QA	Qatar
=QO	Outlying Oceania
=RE	Réunion
=RO	Romania
=RS	Serbia
=RU	Russia
=RW	Rwanda
=SA	Saudi Arabia
=SB	Solomon Islands
=SC	Seychelles
=SD	Sudan
=SE	Sweden
=SG	Singapore
=SH	St. Helena
=SI	Slovenia
=SJ	Svalbard & Jan Mayen
=SK	Slovakia
=SL	Sierra Leone
=SM	San Marino
=SN	Senegal
=SO	Somalia
=SR	Suriname
=SS	South Sudan
=ST	São Tomé & Príncipe
=SV	El Salvador
=SX	Sint Maarten
=SY	Syria
=SZ	Eswatini
=TA	Tristan da Cunha
=TC	Turks & Caicos Islands
=TD	Chad
=TF	French Southern Territories
=TG	Togo
=TH	Thailand
=TJ	Tajikistan
=TK	Tokelau
=TL	Timor-Leste
=TM	Turkmenistan
=TN	Tunisia
=TO	Tonga
=TR	Türkiye
=TT	Trinidad & Tobago
=TV	Tuvalu
=TW	Taiwan
=TZ	Tanzania
=UA	Ukraine
=UG	Uganda
=UM	U.S. Outlying Islands
=UN	United Nations
=US	United States
=UY	Uruguay
=UZ	Uzbekistan
=VA	Vatican City
=VC	St. Vincent & Grenadines
=VE	Venezuela
=VG	British Virgin Islands
=VI	U.S. Virgin Islands
=VN	Vietnam
=VU	Vanuatu
=WF	Wallis & Futuna
=WS	Samoa
=XA	Pseudo-Accents
=XB	Pseudo-Bidi
=XK	Kosovo
=YE	Yemen
=YT	Mayotte
=ZA	South Africa
=ZM	Zambia
=ZW	Zimbabwe
=ZZ	Unknown Region
